Produto,Região,Cidade,Total_Vendas,Total_Quantidade,Total_Lucro,Num_Transacoes,Latitude,Longitude
Headphone,Leste,Desconhecida,408844,1066,152084.05,71,,
Headset,Leste,Desconhecida,414106,1070,119023.26,70,,
Memória RAM,Leste,Desconhecida,368501,854,146986.15,54,,
Mouse,Leste,Desconhecida,374766,892,118115.42,64,,
SSD,Leste,Desconhecida,442184,1222,142487.99,72,,
Teclado,Leste,Desconhecida,519514,1270,191051.15,86,,
Webcam,Leste,Desconhecida,473470,1327,168245.56,74,,
Headphone,Norte,Belém,112969,334,29099.44,18,-1.453761,-48.49507
Headphone,Norte,Boa Vista,60513,94,28188.37,7,2.8129,-60.673368
Headphone,Norte,Macapá,104184,240,45394.77,15,0.023746,-51.066731
Headphone,Norte,Manaus,58502,185,24049.47,10,-3.112806,-60.018018
Headphone,Norte,Palmas,80711,167,41222.29,12,-10.251912,-48.325074
Headphone,Norte,Porto Velho,66913,215,31990.02,11,-8.751011,-63.901153
Headphone,Norte,Rio Branco,44830,202,12814.71,10,-9.973324,-67.84099
Headset,Norte,Belém,51357,196,-7032.23,13,-1.459539,-48.494039
Headset,Norte,Boa Vista,39061,129,-9213.1,9,2.831893,-60.669824
Headset,Norte,Macapá,87506,181,41048.48,15,0.02909,-51.057378
Headset,Norte,Manaus,60660,148,6770.89,10,-3.11855,-60.043519
Headset,Norte,Palmas,45515,126,12734.15,8,-10.258356,-48.321973
Headset,Norte,Porto Velho,41306,93,23319.52,8,-8.759956,-63.897871
Headset,Norte,Rio Branco,59881,251,11743.96,14,-9.972978,-67.821154
Memória RAM,Norte,Belém,34806,108,2648.0,7,-1.458186,-48.496334
Memória RAM,Norte,Boa Vista,47007,144,14371.09,9,2.821135,-60.675581
Memória RAM,Norte,Macapá,56345,168,8634.17,11,0.032249,-51.059855
Memória RAM,Norte,Manaus,57006,205,7460.08,12,-3.126514,-60.031769
Memória RAM,Norte,Palmas,49027,167,15596.26,9,-10.247515,-48.333982
Memória RAM,Norte,Porto Velho,59099,121,20186.15,8,-8.785837,-63.902449
Memória RAM,Norte,Rio Branco,46029,76,9946.02,6,-9.965354,-67.833761
Mouse,Norte,Belém,39281,87,19063.91,6,-1.430667,-48.477074
Mouse,Norte,Boa Vista,59432,136,17826.81,10,2.829874,-60.670273
Mouse,Norte,Macapá,74431,168,23737.71,13,0.042801,-51.079811
Mouse,Norte,Manaus,62094,156,31306.06,11,-3.126138,-60.017535
Mouse,Norte,Palmas,66959,191,18505.74,11,-10.250403,-48.322722
Mouse,Norte,Porto Velho,53520,159,16206.07,8,-8.772913,-63.886496
Mouse,Norte,Rio Branco,62076,112,27932.19,8,-9.97605,-67.830012
SSD,Norte,Belém,55640,193,3724.96,11,-1.446919,-48.477848
SSD,Norte,Boa Vista,35992,102,12868.05,8,2.816726,-60.679098
SSD,Norte,Macapá,58291,200,25241.24,11,0.030902,-51.06947
SSD,Norte,Manaus,64690,211,-7172.19,14,-3.119313,-60.030303
SSD,Norte,Palmas,53163,96,22969.99,8,-10.255491,-48.324397
SSD,Norte,Porto Velho,41600,106,12872.07,7,-8.756991,-63.922785
SSD,Norte,Rio Branco,27055,72,17022.4,6,-9.989285,-67.808582
Teclado,Norte,Belém,99695,237,32427.75,15,-1.445218,-48.485705
Teclado,Norte,Boa Vista,49358,105,22088.34,8,2.823628,-60.678264
Teclado,Norte,Macapá,49706,195,1592.95,12,0.039893,-51.064884
Teclado,Norte,Manaus,86991,126,36795.38,13,-3.119613,-60.016502
Teclado,Norte,Palmas,50704,156,19334.64,10,-10.259475,-48.337363
Teclado,Norte,Porto Velho,65925,149,20685.57,11,-8.760549,-63.90352
Teclado,Norte,Rio Branco,39431,77,20522.65,5,-9.99223,-67.826248
Webcam,Norte,Belém,71878,134,32779.99,9,-1.4669,-48.505858
Webcam,Norte,Boa Vista,47097,135,10729.99,11,2.829144,-60.673523
Webcam,Norte,Macapá,65422,198,13112.94,12,0.048567,-51.068208
Webcam,Norte,Manaus,99666,240,37937.11,16,-3.107127,-60.010986
Webcam,Norte,Palmas,74368,157,37594.14,11,-10.257317,-48.321921
Webcam,Norte,Porto Velho,54525,111,17670.21,8,-8.747742,-63.894594
Webcam,Norte,Rio Branco,71619,205,20316.27,14,-9.975135,-67.815089
Headphone,Oeste,Desconhecida,347249,953,34349.27,71,,
Headset,Oeste,Desconhecida,433633,1040,147710.26,69,,
Memória RAM,Oeste,Desconhecida,443185,1088,136474.29,74,,
Mouse,Oeste,Desconhecida,356385,760,143557.0,55,,
SSD,Oeste,Desconhecida,387255,1162,118994.45,71,,
Teclado,Oeste,Desconhecida,516499,1346,198645.4,82,,
Webcam,Oeste,Desconhecida,327542,845,62712.7,61,,
Headphone,Sul,Blumenau,50135,121,15636.82,7,-26.938481,-49.045916
Headphone,Sul,Caxias do Sul,43259,95,16185.44,6,-29.172248,-51.196107
Headphone,Sul,Curitiba,59897,133,25741.1,8,-25.428167,-49.28402
Headphone,Sul,Florianópolis,67250,276,-21019.82,17,-27.585666,-48.544679
Headphone,Sul,Joinville,97059,221,57680.12,14,-26.303977,-48.848521
Headphone,Sul,Londrina,34309,105,13068.04,6,-23.295947,-51.16955
Headphone,Sul,Maringá,90489,258,27678.74,15,-23.422432,-51.94657
Headphone,Sul,Porto Alegre,51530,165,22942.87,10,-30.023701,-51.212499
Headset,Sul,Blumenau,84844,238,26492.91,13,-26.914163,-49.068716
Headset,Sul,Caxias do Sul,42433,182,2904.32,10,-29.189408,-51.160832
Headset,Sul,Curitiba,105447,224,42468.61,14,-25.433143,-49.285332
Headset,Sul,Florianópolis,56838,130,14963.57,9,-27.593225,-48.542465
Headset,Sul,Joinville,65945,196,-3016.46,14,-26.313728,-48.839714
Headset,Sul,Londrina,30765,91,3865.15,7,-23.279209,-51.174707
Headset,Sul,Maringá,38952,109,21125.75,7,-23.417359,-51.924619
Headset,Sul,Porto Alegre,84819,188,39675.39,11,-30.043928,-51.200563
Memória RAM,Sul,Blumenau,31490,56,6695.38,7,-26.926502,-49.07142
Memória RAM,Sul,Caxias do Sul,78963,174,34830.85,11,-29.181254,-51.1867
Memória RAM,Sul,Curitiba,52815,180,27445.69,8,-25.438088,-49.26471
Memória RAM,Sul,Florianópolis,37158,108,11478.22,7,-27.578046,-48.54444
Memória RAM,Sul,Joinville,47697,174,-6108.56,10,-26.304136,-48.838458
Memória RAM,Sul,Londrina,35055,110,20119.99,6,-23.281036,-51.180637
Memória RAM,Sul,Maringá,89847,232,22996.94,17,-23.416306,-51.930099
Memória RAM,Sul,Porto Alegre,70389,134,21115.66,13,-30.023456,-51.219232
Mouse,Sul,Blumenau,65307,122,36962.74,10,-26.940239,-49.076502
Mouse,Sul,Caxias do Sul,48015,114,20666.95,8,-29.16476,-51.174513
Mouse,Sul,Curitiba,81792,179,33241.37,12,-25.432471,-49.265636
Mouse,Sul,Florianópolis,47027,109,5388.0,9,-27.575226,-48.555357
Mouse,Sul,Joinville,41080,68,20750.1,5,-26.307701,-48.84016
Mouse,Sul,Londrina,53435,146,20438.46,9,-23.298265,-51.170252
Mouse,Sul,Maringá,44764,133,14641.45,8,-23.418301,-51.938695
Mouse,Sul,Porto Alegre,34309,105,13362.2,7,-30.039001,-51.219542
SSD,Sul,Blumenau,55707,133,14601.59,9,-26.926342,-49.059281
SSD,Sul,Caxias do Sul,58529,140,23570.12,10,-29.171874,-51.16908
SSD,Sul,Curitiba,71478,153,44018.91,11,-25.426871,-49.254356
SSD,Sul,Florianópolis,50537,94,17734.1,8,-27.603626,-48.560512
SSD,Sul,Joinville,27884,69,8762.01,4,-26.285626,-48.847052
SSD,Sul,Londrina,63014,172,13875.36,14,-23.305685,-51.177603
SSD,Sul,Maringá,33038,66,7378.3,6,-23.42533,-51.922239
SSD,Sul,Porto Alegre,73468,141,32866.12,9,-30.039748,-51.213151
Teclado,Sul,Blumenau,30403,110,5168.89,6,-26.902333,-49.08187
Teclado,Sul,Caxias do Sul,28062,103,-1219.8,8,-29.162,-51.178602
Teclado,Sul,Curitiba,49121,82,24342.32,7,-25.446493,-49.266665
Teclado,Sul,Florianópolis,43794,159,8999.52,8,-27.585779,-48.544214
Teclado,Sul,Joinville,44203,134,8863.99,9,-26.299259,-48.844478
Teclado,Sul,Londrina,34109,57,19232.12,4,-23.331518,-51.184874
Teclado,Sul,Maringá,28689,93,8798.81,5,-23.415619,-51.924
Teclado,Sul,Porto Alegre,74314,112,30062.41,9,-30.0385,-51.200404
Webcam,Sul,Blumenau,75847,183,23157.92,11,-26.912164,-49.071878
Webcam,Sul,Caxias do Sul,95101,251,38284.13,15,-29.178811,-51.186532
Webcam,Sul,Curitiba,66178,154,30920.19,8,-25.432359,-49.268576
Webcam,Sul,Florianópolis,40885,109,28499.77,6,-27.59654,-48.548909
Webcam,Sul,Joinville,54211,118,28931.47,8,-26.304711,-48.841784
Webcam,Sul,Londrina,27937,65,10024.77,5,-23.294353,-51.180839
Webcam,Sul,Maringá,66963,135,24148.2,10,-23.414086,-51.935707
Webcam,Sul,Porto Alegre,56871,179,11100.66,12,-30.023791,-51.2237
